Entry,Position,AminoAcid,Exposed/Buried,RelativeSurfaceAccessilibity,HelixProbability,SheetProbability,CoilProbability,EpitopeProbability
peptide,1,V,E,0.752,0.003,0.003,0.994,0.248555555556
peptide,2,E,E,0.493,0.053,0.043,0.903,0.318555555556
peptide,3,F,E,0.345,0.052,0.084,0.864,0.389111111111
peptide,4,E,E,0.383,0.052,0.084,0.864,0.446777777778
peptide,5,P,B,0.231,0.053,0.043,0.903,0.506222222222
peptide,6,A,E,0.401,0.053,0.043,0.903,0.522666666667
peptide,7,H,E,0.477,0.053,0.043,0.903,0.540444444444
peptide,8,A,B,0.323,0.053,0.043,0.903,0.535111111111
peptide,9,A,E,0.391,0.052,0.084,0.864,0.484555555556
peptide,10,K,E,0.433,0.053,0.043,0.903,0.429444444444
peptide,11,I,E,0.428,0.018,0.047,0.935,0.359444444444
peptide,12,E,E,0.828,0.003,0.003,0.994,0.288888888889
peptide,1,A,E,0.865,0.003,0.003,0.994,0.224444444444
peptide,2,L,E,0.534,0.018,0.047,0.935,0.289333333333
peptide,3,F,E,0.45,0.052,0.084,0.864,0.353444444444
peptide,4,I,E,0.368,0.052,0.084,0.864,0.422666666667
peptide,5,A,E,0.506,0.053,0.043,0.903,0.482555555556
peptide,6,H,E,0.512,0.052,0.084,0.864,0.514
peptide,7,L,E,0.316,0.056,0.142,0.802,0.541444444444
peptide,8,I,B,0.279,0.052,0.084,0.864,0.559444444444
peptide,9,G,E,0.345,0.053,0.043,0.903,0.569888888889
peptide,10,S,E,0.509,0.058,0.017,0.925,0.577888888889
peptide,11,S,E,0.529,0.053,0.043,0.903,0.571111111111
peptide,12,I,E,0.328,0.053,0.043,0.903,0.507
peptide,13,T,E,0.566,0.053,0.043,0.903,0.437777777778
peptide,14,Q,E,0.642,0.058,0.017,0.925,0.377888888889
peptide,15,K,E,0.83,0.003,0.003,0.994,0.313333333333
peptide,1,F,E,0.739,0.003,0.003,0.994,0.253555555556
peptide,2,E,E,0.501,0.053,0.043,0.903,0.314111111111
peptide,3,P,B,0.3,0.053,0.043,0.903,0.374555555556
peptide,4,A,E,0.47,0.053,0.043,0.903,0.438555555556
peptide,5,H,E,0.501,0.113,0.043,0.844,0.496666666667
peptide,6,A,E,0.343,0.053,0.043,0.903,0.516888888889
peptide,7,A,E,0.394,0.053,0.043,0.903,0.526222222222
peptide,8,K,E,0.383,0.052,0.084,0.864,0.527333333333
peptide,9,I,E,0.361,0.052,0.084,0.864,0.473888888889
peptide,10,E,E,0.505,0.052,0.084,0.864,0.409444444444
peptide,11,V,E,0.471,0.018,0.088,0.893,0.348888888889
peptide,12,L,E,0.771,0.003,0.003,0.994,0.288444444444
peptide,1,A,E,0.886,0.003,0.003,0.994,0.222555555556
peptide,2,H,E,0.646,0.018,0.047,0.935,0.286666666667
peptide,3,L,E,0.435,0.018,0.088,0.893,0.358888888889
peptide,4,I,E,0.441,0.053,0.043,0.903,0.422333333333
peptide,5,G,E,0.456,0.058,0.017,0.925,0.481222222222
peptide,6,S,E,0.513,0.058,0.017,0.925,0.514666666667
peptide,7,S,E,0.494,0.053,0.043,0.903,0.541111111111
peptide,8,I,E,0.307,0.053,0.043,0.903,0.547555555556
peptide,9,T,E,0.481,0.052,0.084,0.864,0.494777777778
peptide,10,Q,E,0.585,0.053,0.043,0.903,0.439
peptide,11,K,E,0.568,0.058,0.017,0.925,0.374888888889
peptide,12,V,E,0.787,0.003,0.003,0.994,0.302666666667
peptide,1,A,E,0.886,0.003,0.003,0.994,0.222555555556
peptide,2,H,E,0.646,0.018,0.047,0.935,0.286666666667
peptide,3,L,E,0.435,0.018,0.088,0.893,0.358888888889
peptide,4,I,E,0.441,0.053,0.043,0.903,0.422333333333
peptide,5,G,E,0.456,0.058,0.017,0.925,0.481222222222
peptide,6,S,E,0.513,0.058,0.017,0.925,0.514666666667
peptide,7,S,E,0.494,0.053,0.043,0.903,0.541111111111
peptide,8,I,E,0.307,0.053,0.043,0.903,0.547555555556
peptide,9,T,E,0.481,0.052,0.084,0.864,0.494777777778
peptide,10,Q,E,0.585,0.053,0.043,0.903,0.439
peptide,11,K,E,0.568,0.058,0.017,0.925,0.374888888889
peptide,12,V,E,0.787,0.003,0.003,0.994,0.302666666667
peptide,1,A,E,0.853,0.003,0.003,0.994,0.217555555556
peptide,2,W,E,0.456,0.018,0.088,0.893,0.286
peptide,3,M,E,0.432,0.052,0.084,0.864,0.353111111111
peptide,4,L,E,0.354,0.053,0.043,0.903,0.423222222222
peptide,5,G,E,0.435,0.058,0.017,0.925,0.487222222222
peptide,6,S,E,0.48,0.058,0.017,0.925,0.532
peptide,7,S,E,0.454,0.058,0.017,0.925,0.565333333333
peptide,8,T,E,0.448,0.058,0.017,0.925,0.571111111111
peptide,9,T,E,0.454,0.053,0.043,0.903,0.518777777778
peptide,10,Q,E,0.523,0.058,0.017,0.925,0.462333333333
peptide,11,R,E,0.497,0.058,0.017,0.925,0.393888888889
peptide,12,V,E,0.772,0.003,0.003,0.994,0.326777777778
peptide,1,A,E,0.869,0.003,0.003,0.994,0.227555555556
peptide,2,L,E,0.543,0.018,0.047,0.935,0.290222222222
peptide,3,F,E,0.455,0.052,0.084,0.864,0.353333333333
peptide,4,I,E,0.379,0.052,0.084,0.864,0.417555555556
peptide,5,A,E,0.526,0.053,0.043,0.903,0.477888888889
peptide,6,H,E,0.533,0.018,0.088,0.893,0.500333333333
peptide,7,L,E,0.322,0.019,0.141,0.840,0.521222222222
peptide,8,I,E,0.357,0.018,0.088,0.893,0.521777777778
peptide,9,G,E,0.484,0.018,0.047,0.935,0.470555555556
peptide,10,S,E,0.582,0.018,0.047,0.935,0.414
peptide,11,S,E,0.613,0.018,0.019,0.964,0.351333333333
peptide,12,I,E,0.83,0.003,0.003,0.994,0.288222222222
peptide,1,K,E,0.781,0.003,0.003,0.994,0.275111111111
peptide,2,C,E,0.554,0.053,0.043,0.903,0.338777777778
peptide,3,R,E,0.41,0.113,0.043,0.844,0.415111111111
peptide,4,L,E,0.424,0.184,0.043,0.773,0.482666666667
peptide,5,K,E,0.421,0.184,0.043,0.773,0.544444444444
peptide,6,L,E,0.302,0.113,0.043,0.844,0.565666666667
peptide,7,D,E,0.477,0.113,0.043,0.844,0.579111111111
peptide,8,A,E,0.448,0.113,0.043,0.844,0.568777777778
peptide,9,L,E,0.408,0.053,0.043,0.903,0.51
peptide,10,T,E,0.545,0.113,0.043,0.844,0.442222222222
peptide,11,L,E,0.518,0.058,0.017,0.925,0.378555555556
peptide,12,K,E,0.791,0.003,0.003,0.994,0.302222222222
peptide,1,P,E,0.719,0.003,0.003,0.994,0.227555555556
peptide,2,L,E,0.448,0.018,0.047,0.935,0.293
peptide,3,P,B,0.258,0.018,0.088,0.893,0.359111111111
peptide,4,W,E,0.347,0.052,0.084,0.864,0.436
peptide,5,Q,E,0.341,0.052,0.084,0.864,0.513
peptide,6,S,E,0.453,0.053,0.043,0.903,0.559111111111
peptide,7,G,B,0.277,0.053,0.043,0.903,0.592777777778
peptide,8,A,B,0.3,0.053,0.043,0.903,0.607222222222
peptide,9,S,E,0.441,0.018,0.019,0.964,0.612666666667
peptide,10,T,E,0.326,0.018,0.019,0.964,0.614333333333
peptide,11,S,E,0.462,0.018,0.019,0.964,0.603888888889
peptide,12,G,E,0.352,0.018,0.047,0.935,0.537777777778
peptide,13,E,E,0.452,0.018,0.047,0.935,0.460888888889
peptide,14,T,E,0.461,0.018,0.047,0.935,0.383888888889
peptide,15,W,E,0.796,0.003,0.003,0.994,0.312888888889
peptide,1,P,E,0.719,0.003,0.003,0.994,0.227555555556
peptide,2,L,E,0.448,0.018,0.047,0.935,0.293
peptide,3,P,B,0.258,0.018,0.088,0.893,0.359111111111
peptide,4,W,E,0.347,0.052,0.084,0.864,0.436
peptide,5,Q,E,0.341,0.052,0.084,0.864,0.513
peptide,6,S,E,0.453,0.053,0.043,0.903,0.559111111111
peptide,7,G,B,0.277,0.053,0.043,0.903,0.592777777778
peptide,8,A,B,0.3,0.053,0.043,0.903,0.607222222222
peptide,9,S,E,0.441,0.018,0.019,0.964,0.612666666667
peptide,10,T,E,0.326,0.018,0.019,0.964,0.614333333333
peptide,11,S,E,0.462,0.018,0.019,0.964,0.603888888889
peptide,12,G,E,0.352,0.018,0.047,0.935,0.537777777778
peptide,13,E,E,0.452,0.018,0.047,0.935,0.460888888889
peptide,14,T,E,0.461,0.018,0.047,0.935,0.383888888889
peptide,15,W,E,0.796,0.003,0.003,0.994,0.312888888889
peptide,1,H,E,0.869,0.003,0.003,0.994,0.231444444444
peptide,2,L,E,0.529,0.018,0.047,0.935,0.302111111111
peptide,3,I,E,0.494,0.018,0.047,0.935,0.368666666667
peptide,4,G,E,0.498,0.053,0.043,0.903,0.43
peptide,5,S,E,0.553,0.115,0.016,0.868,0.494555555556
peptide,6,S,E,0.499,0.058,0.017,0.925,0.526111111111
peptide,7,I,E,0.269,0.018,0.047,0.935,0.548
peptide,8,T,E,0.471,0.053,0.043,0.903,0.548777777778
peptide,9,Q,E,0.544,0.052,0.084,0.864,0.495111111111
peptide,10,K,E,0.54,0.053,0.043,0.903,0.431555555556
peptide,11,V,E,0.518,0.018,0.047,0.935,0.360888888889
peptide,12,I,E,0.81,0.003,0.003,0.994,0.294333333333
peptide,1,W,E,0.771,0.003,0.003,0.994,0.225333333333
peptide,2,M,E,0.478,0.018,0.088,0.893,0.293333333333
peptide,3,L,E,0.39,0.018,0.047,0.935,0.370333333333
peptide,4,G,E,0.466,0.058,0.017,0.925,0.439333333333
peptide,5,S,E,0.528,0.058,0.017,0.925,0.510111111111
peptide,6,S,E,0.462,0.058,0.017,0.925,0.543
peptide,7,T,E,0.423,0.058,0.017,0.925,0.567888888889
peptide,8,T,E,0.452,0.058,0.017,0.925,0.567666666667
peptide,9,Q,E,0.488,0.053,0.043,0.903,0.515333333333
peptide,10,R,E,0.471,0.053,0.043,0.903,0.458555555556
peptide,11,V,E,0.494,0.018,0.047,0.935,0.390555555556
peptide,12,I,E,0.767,0.003,0.003,0.994,0.313555555556
peptide,1,L,E,0.747,0.003,0.003,0.994,0.271222222222
peptide,2,E,E,0.543,0.113,0.043,0.844,0.337
peptide,3,G,E,0.408,0.113,0.087,0.800,0.409222222222
peptide,4,F,E,0.35,0.191,0.086,0.723,0.476111111111
peptide,5,E,E,0.359,0.191,0.086,0.723,0.545777777778
peptide,6,V,B,0.317,0.191,0.086,0.723,0.577777777778
peptide,7,D,E,0.338,0.191,0.086,0.723,0.594222222222
peptide,8,Q,E,0.369,0.191,0.086,0.723,0.597222222222
peptide,9,E,E,0.426,0.118,0.150,0.732,0.535333333333
peptide,10,K,E,0.427,0.113,0.087,0.800,0.471444444444
peptide,11,I,E,0.455,0.053,0.043,0.903,0.405666666667
peptide,12,K,E,0.804,0.003,0.003,0.994,0.333444444444
peptide,1,H,E,0.844,0.003,0.003,0.994,0.225333333333
peptide,2,L,E,0.428,0.018,0.088,0.893,0.293777777778
peptide,3,V,E,0.395,0.056,0.142,0.802,0.353444444444
peptide,4,E,E,0.378,0.052,0.084,0.864,0.417666666667
peptide,5,F,B,0.277,0.052,0.084,0.864,0.480555555556
peptide,6,E,B,0.309,0.052,0.084,0.864,0.502888888889
peptide,7,P,B,0.199,0.052,0.084,0.864,0.527888888889
peptide,8,A,E,0.408,0.018,0.088,0.893,0.532111111111
peptide,9,H,E,0.479,0.018,0.088,0.893,0.477555555556
peptide,10,A,E,0.389,0.018,0.047,0.935,0.417333333333
peptide,11,A,E,0.491,0.018,0.019,0.964,0.348888888889
peptide,12,K,E,0.819,0.003,0.003,0.994,0.289222222222
peptide,1,H,E,0.844,0.003,0.003,0.994,0.225333333333
peptide,2,L,E,0.428,0.018,0.088,0.893,0.293777777778
peptide,3,V,E,0.395,0.056,0.142,0.802,0.353444444444
peptide,4,E,E,0.378,0.052,0.084,0.864,0.417666666667
peptide,5,F,B,0.277,0.052,0.084,0.864,0.480555555556
peptide,6,E,B,0.309,0.052,0.084,0.864,0.502888888889
peptide,7,P,B,0.199,0.052,0.084,0.864,0.527888888889
peptide,8,A,E,0.408,0.018,0.088,0.893,0.532111111111
peptide,9,H,E,0.479,0.018,0.088,0.893,0.477555555556
peptide,10,A,E,0.389,0.018,0.047,0.935,0.417333333333
peptide,11,A,E,0.491,0.018,0.019,0.964,0.348888888889
peptide,12,K,E,0.819,0.003,0.003,0.994,0.289222222222
peptide,1,H,E,0.844,0.003,0.003,0.994,0.225333333333
peptide,2,L,E,0.428,0.018,0.088,0.893,0.293777777778
peptide,3,V,E,0.395,0.056,0.142,0.802,0.353444444444
peptide,4,E,E,0.378,0.052,0.084,0.864,0.417666666667
peptide,5,F,B,0.277,0.052,0.084,0.864,0.480555555556
peptide,6,E,B,0.309,0.052,0.084,0.864,0.502888888889
peptide,7,P,B,0.199,0.052,0.084,0.864,0.527888888889
peptide,8,A,E,0.408,0.018,0.088,0.893,0.532111111111
peptide,9,H,E,0.479,0.018,0.088,0.893,0.477555555556
peptide,10,A,E,0.389,0.018,0.047,0.935,0.417333333333
peptide,11,A,E,0.491,0.018,0.019,0.964,0.348888888889
peptide,12,K,E,0.819,0.003,0.003,0.994,0.289222222222
peptide,1,H,E,0.844,0.003,0.003,0.994,0.225333333333
peptide,2,L,E,0.428,0.018,0.088,0.893,0.293777777778
peptide,3,V,E,0.395,0.056,0.142,0.802,0.353444444444
peptide,4,E,E,0.378,0.052,0.084,0.864,0.417666666667
peptide,5,F,B,0.277,0.052,0.084,0.864,0.480555555556
peptide,6,E,B,0.309,0.052,0.084,0.864,0.502888888889
peptide,7,P,B,0.199,0.052,0.084,0.864,0.527888888889
peptide,8,A,E,0.408,0.018,0.088,0.893,0.532111111111
peptide,9,H,E,0.479,0.018,0.088,0.893,0.477555555556
peptide,10,A,E,0.389,0.018,0.047,0.935,0.417333333333
peptide,11,A,E,0.491,0.018,0.019,0.964,0.348888888889
peptide,12,K,E,0.819,0.003,0.003,0.994,0.289222222222
peptide,1,K,E,0.762,0.003,0.003,0.994,0.258555555556
peptide,2,K,E,0.474,0.053,0.043,0.903,0.325111111111
peptide,3,L,E,0.335,0.113,0.087,0.800,0.395666666667
peptide,4,E,E,0.418,0.191,0.086,0.723,0.459888888889
peptide,5,G,B,0.298,0.191,0.086,0.723,0.526555555556
peptide,6,F,B,0.255,0.307,0.165,0.527,0.553555555556
peptide,7,E,B,0.248,0.307,0.165,0.527,0.569
peptide,8,V,B,0.236,0.307,0.165,0.527,0.588444444444
peptide,9,D,B,0.241,0.278,0.093,0.628,0.594777777778
peptide,10,Q,B,0.261,0.268,0.043,0.689,0.600888888889
peptide,11,E,E,0.338,0.191,0.086,0.723,0.59
peptide,12,K,E,0.342,0.113,0.087,0.800,0.519444444444
peptide,13,I,E,0.391,0.113,0.087,0.800,0.455222222222
peptide,14,K,E,0.497,0.053,0.043,0.903,0.388555555556
peptide,15,Y,E,0.824,0.003,0.003,0.994,0.326111111111
peptide,1,C,E,0.849,0.003,0.003,0.994,0.254888888889
peptide,2,R,E,0.491,0.053,0.043,0.903,0.330777777778
peptide,3,L,E,0.426,0.113,0.043,0.844,0.403111111111
peptide,4,K,E,0.432,0.113,0.043,0.844,0.471222222222
peptide,5,L,E,0.325,0.113,0.043,0.844,0.536888888889
peptide,6,D,E,0.483,0.113,0.043,0.844,0.559444444444
peptide,7,A,E,0.406,0.113,0.043,0.844,0.565777777778
peptide,8,L,E,0.359,0.113,0.043,0.844,0.575777777778
peptide,9,T,E,0.489,0.113,0.043,0.844,0.517666666667
peptide,10,L,E,0.46,0.113,0.043,0.844,0.462
peptide,11,K,E,0.522,0.058,0.017,0.925,0.386111111111
peptide,12,G,E,0.837,0.003,0.003,0.994,0.313777777778
peptide,1,K,E,0.801,0.003,0.003,0.994,0.281555555556
peptide,2,Q,E,0.551,0.053,0.043,0.903,0.342
peptide,3,L,E,0.361,0.052,0.084,0.864,0.424222222222
peptide,4,Q,E,0.479,0.113,0.087,0.800,0.491555555556
peptide,5,K,E,0.427,0.113,0.087,0.800,0.556444444444
peptide,6,V,E,0.325,0.053,0.043,0.903,0.571444444444
peptide,7,E,E,0.382,0.053,0.043,0.903,0.574444444444
peptide,8,T,E,0.476,0.052,0.084,0.864,0.583
peptide,9,W,E,0.441,0.052,0.084,0.864,0.521
peptide,10,A,E,0.441,0.052,0.084,0.864,0.451444444444
peptide,11,L,E,0.46,0.018,0.047,0.935,0.391
peptide,12,R,E,0.79,0.003,0.003,0.994,0.308777777778
peptide,1,K,E,0.801,0.003,0.003,0.994,0.281555555556
peptide,2,Q,E,0.551,0.053,0.043,0.903,0.342
peptide,3,L,E,0.361,0.052,0.084,0.864,0.424222222222
peptide,4,Q,E,0.479,0.113,0.087,0.800,0.491555555556
peptide,5,K,E,0.427,0.113,0.087,0.800,0.556444444444
peptide,6,V,E,0.325,0.053,0.043,0.903,0.571444444444
peptide,7,E,E,0.382,0.053,0.043,0.903,0.574444444444
peptide,8,T,E,0.476,0.052,0.084,0.864,0.583
peptide,9,W,E,0.441,0.052,0.084,0.864,0.521
peptide,10,A,E,0.441,0.052,0.084,0.864,0.451444444444
peptide,11,L,E,0.46,0.018,0.047,0.935,0.391
peptide,12,R,E,0.79,0.003,0.003,0.994,0.308777777778
peptide,1,I,E,0.822,0.003,0.003,0.994,0.247
peptide,2,A,E,0.633,0.018,0.047,0.935,0.304444444444
peptide,3,H,E,0.579,0.018,0.088,0.893,0.368222222222
peptide,4,L,E,0.409,0.052,0.084,0.864,0.434111111111
peptide,5,I,E,0.395,0.053,0.043,0.903,0.497333333333
peptide,6,G,E,0.381,0.058,0.017,0.925,0.521111111111
peptide,7,S,E,0.519,0.053,0.043,0.903,0.541222222222
peptide,8,S,E,0.525,0.053,0.043,0.903,0.548222222222
peptide,9,I,E,0.327,0.053,0.043,0.903,0.496111111111
peptide,10,T,E,0.561,0.053,0.043,0.903,0.435777777778
peptide,11,Q,E,0.637,0.058,0.017,0.925,0.378333333333
peptide,12,K,E,0.829,0.003,0.003,0.994,0.314555555556
peptide,1,M,E,0.833,0.003,0.003,0.994,0.224333333333
peptide,2,L,E,0.507,0.018,0.019,0.964,0.302222222222
peptide,3,G,E,0.523,0.058,0.017,0.925,0.376
peptide,4,S,E,0.554,0.058,0.017,0.925,0.445222222222
peptide,5,S,E,0.504,0.115,0.016,0.868,0.515555555556
peptide,6,T,E,0.438,0.058,0.017,0.925,0.546111111111
peptide,7,T,E,0.425,0.058,0.017,0.925,0.575555555556
peptide,8,Q,E,0.495,0.053,0.043,0.903,0.582
peptide,9,R,E,0.43,0.018,0.047,0.935,0.529333333333
peptide,10,V,E,0.488,0.018,0.088,0.893,0.470111111111
peptide,11,I,E,0.504,0.018,0.088,0.893,0.392222222222
peptide,12,I,E,0.782,0.003,0.003,0.994,0.318444444444
peptide,1,E,E,0.871,0.003,0.003,0.994,0.251666666667
peptide,2,T,E,0.566,0.018,0.047,0.935,0.321666666667
peptide,3,W,E,0.498,0.053,0.043,0.903,0.398111111111
peptide,4,L,E,0.366,0.113,0.043,0.844,0.469222222222
peptide,5,S,E,0.497,0.181,0.016,0.803,0.536222222222
peptide,6,T,E,0.402,0.257,0.016,0.727,0.576444444444
peptide,7,S,E,0.483,0.430,0.016,0.555,0.606
peptide,8,N,E,0.438,0.430,0.016,0.555,0.63
peptide,9,G,B,0.316,0.339,0.016,0.645,0.627777777778
peptide,10,K,E,0.334,0.339,0.016,0.645,0.630888888889
peptide,11,E,E,0.464,0.257,0.016,0.727,0.613666666667
peptide,12,H,E,0.574,0.113,0.043,0.844,0.537222222222
peptide,13,L,E,0.334,0.052,0.084,0.864,0.466111111111
peptide,14,T,E,0.594,0.053,0.043,0.903,0.399111111111
peptide,15,R,E,0.84,0.003,0.003,0.994,0.319777777778
peptide,1,E,E,0.795,0.003,0.003,0.994,0.262111111111
peptide,2,G,E,0.416,0.052,0.084,0.864,0.332444444444
peptide,3,F,E,0.355,0.118,0.150,0.732,0.399555555556
peptide,4,E,E,0.353,0.118,0.150,0.732,0.467666666667
peptide,5,V,B,0.29,0.199,0.152,0.649,0.534777777778
peptide,6,D,B,0.308,0.118,0.150,0.732,0.561888888889
peptide,7,Q,B,0.283,0.118,0.150,0.732,0.577666666667
peptide,8,E,E,0.317,0.125,0.227,0.648,0.579222222222
peptide,9,K,B,0.308,0.056,0.142,0.802,0.523666666667
peptide,10,I,E,0.352,0.052,0.084,0.864,0.463666666667
peptide,11,K,E,0.464,0.053,0.043,0.903,0.393333333333
peptide,12,Y,E,0.808,0.003,0.003,0.994,0.326222222222
peptide,1,E,E,0.795,0.003,0.003,0.994,0.262111111111
peptide,2,G,E,0.416,0.052,0.084,0.864,0.332444444444
peptide,3,F,E,0.355,0.118,0.150,0.732,0.399555555556
peptide,4,E,E,0.353,0.118,0.150,0.732,0.467666666667
peptide,5,V,B,0.29,0.199,0.152,0.649,0.534777777778
peptide,6,D,B,0.308,0.118,0.150,0.732,0.561888888889
peptide,7,Q,B,0.283,0.118,0.150,0.732,0.577666666667
peptide,8,E,E,0.317,0.125,0.227,0.648,0.579222222222
peptide,9,K,B,0.308,0.056,0.142,0.802,0.523666666667
peptide,10,I,E,0.352,0.052,0.084,0.864,0.463666666667
peptide,11,K,E,0.464,0.053,0.043,0.903,0.393333333333
peptide,12,Y,E,0.808,0.003,0.003,0.994,0.326222222222
peptide,1,E,E,0.795,0.003,0.003,0.994,0.262111111111
peptide,2,G,E,0.416,0.052,0.084,0.864,0.332444444444
peptide,3,F,E,0.355,0.118,0.150,0.732,0.399555555556
peptide,4,E,E,0.353,0.118,0.150,0.732,0.467666666667
peptide,5,V,B,0.29,0.199,0.152,0.649,0.534777777778
peptide,6,D,B,0.308,0.118,0.150,0.732,0.561888888889
peptide,7,Q,B,0.283,0.118,0.150,0.732,0.577666666667
peptide,8,E,E,0.317,0.125,0.227,0.648,0.579222222222
peptide,9,K,B,0.308,0.056,0.142,0.802,0.523666666667
peptide,10,I,E,0.352,0.052,0.084,0.864,0.463666666667
peptide,11,K,E,0.464,0.053,0.043,0.903,0.393333333333
peptide,12,Y,E,0.808,0.003,0.003,0.994,0.326222222222
peptide,1,E,E,0.795,0.003,0.003,0.994,0.262111111111
peptide,2,G,E,0.416,0.052,0.084,0.864,0.332444444444
peptide,3,F,E,0.355,0.118,0.150,0.732,0.399555555556
peptide,4,E,E,0.353,0.118,0.150,0.732,0.467666666667
peptide,5,V,B,0.29,0.199,0.152,0.649,0.534777777778
peptide,6,D,B,0.308,0.118,0.150,0.732,0.561888888889
peptide,7,Q,B,0.283,0.118,0.150,0.732,0.577666666667
peptide,8,E,E,0.317,0.125,0.227,0.648,0.579222222222
peptide,9,K,B,0.308,0.056,0.142,0.802,0.523666666667
peptide,10,I,E,0.352,0.052,0.084,0.864,0.463666666667
peptide,11,K,E,0.464,0.053,0.043,0.903,0.393333333333
peptide,12,Y,E,0.808,0.003,0.003,0.994,0.326222222222
peptide,1,A,E,0.817,0.003,0.003,0.994,0.248
peptide,2,K,E,0.504,0.058,0.017,0.925,0.320111111111
peptide,3,F,E,0.406,0.053,0.043,0.903,0.391222222222
peptide,4,D,E,0.423,0.113,0.043,0.844,0.454222222222
peptide,5,A,E,0.407,0.113,0.043,0.844,0.514111111111
peptide,6,L,E,0.318,0.113,0.043,0.844,0.547444444444
peptide,7,A,E,0.398,0.113,0.043,0.844,0.568333333333
peptide,8,G,E,0.39,0.113,0.043,0.844,0.565888888889
peptide,9,S,E,0.497,0.053,0.043,0.903,0.511222222222
peptide,10,Q,E,0.501,0.053,0.043,0.903,0.451666666667
peptide,11,E,E,0.578,0.018,0.047,0.935,0.379555555556
peptide,12,I,E,0.793,0.003,0.003,0.994,0.308444444444
peptide,1,A,E,0.817,0.003,0.003,0.994,0.248
peptide,2,K,E,0.504,0.058,0.017,0.925,0.320111111111
peptide,3,F,E,0.406,0.053,0.043,0.903,0.391222222222
peptide,4,D,E,0.423,0.113,0.043,0.844,0.454222222222
peptide,5,A,E,0.407,0.113,0.043,0.844,0.514111111111
peptide,6,L,E,0.318,0.113,0.043,0.844,0.547444444444
peptide,7,A,E,0.398,0.113,0.043,0.844,0.568333333333
peptide,8,G,E,0.39,0.113,0.043,0.844,0.565888888889
peptide,9,S,E,0.497,0.053,0.043,0.903,0.511222222222
peptide,10,Q,E,0.501,0.053,0.043,0.903,0.451666666667
peptide,11,E,E,0.578,0.018,0.047,0.935,0.379555555556
peptide,12,I,E,0.793,0.003,0.003,0.994,0.308444444444
peptide,1,A,E,0.817,0.003,0.003,0.994,0.248
peptide,2,K,E,0.504,0.058,0.017,0.925,0.320111111111
peptide,3,F,E,0.406,0.053,0.043,0.903,0.391222222222
peptide,4,D,E,0.423,0.113,0.043,0.844,0.454222222222
peptide,5,A,E,0.407,0.113,0.043,0.844,0.514111111111
peptide,6,L,E,0.318,0.113,0.043,0.844,0.547444444444
peptide,7,A,E,0.398,0.113,0.043,0.844,0.568333333333
peptide,8,G,E,0.39,0.113,0.043,0.844,0.565888888889
peptide,9,S,E,0.497,0.053,0.043,0.903,0.511222222222
peptide,10,Q,E,0.501,0.053,0.043,0.903,0.451666666667
peptide,11,E,E,0.578,0.018,0.047,0.935,0.379555555556
peptide,12,I,E,0.793,0.003,0.003,0.994,0.308444444444
peptide,1,P,E,0.728,0.003,0.003,0.994,0.210555555556
peptide,2,G,E,0.495,0.018,0.047,0.935,0.273333333333
peptide,3,Y,E,0.395,0.052,0.084,0.864,0.333444444444
peptide,4,A,E,0.404,0.052,0.084,0.864,0.389888888889
peptide,5,L,B,0.3,0.053,0.043,0.903,0.448111111111
peptide,6,A,E,0.415,0.018,0.047,0.935,0.473777777778
peptide,7,A,E,0.401,0.018,0.088,0.893,0.492555555556
peptide,8,V,B,0.323,0.018,0.088,0.893,0.488555555556
peptide,9,A,E,0.404,0.018,0.088,0.893,0.443555555556
peptide,10,L,E,0.408,0.018,0.047,0.935,0.393888888889
peptide,11,A,E,0.477,0.018,0.019,0.964,0.331111111111
peptide,12,W,E,0.744,0.003,0.003,0.994,0.271
peptide,1,G,E,0.783,0.003,0.003,0.994,0.239555555556
peptide,2,A,E,0.381,0.052,0.084,0.864,0.305333333333
peptide,3,M,E,0.4,0.056,0.142,0.802,0.366
peptide,4,E,E,0.32,0.056,0.142,0.802,0.431444444444
peptide,5,I,B,0.201,0.056,0.142,0.802,0.493
peptide,6,Q,B,0.201,0.056,0.142,0.802,0.520777777778
peptide,7,T,B,0.233,0.118,0.150,0.732,0.544888888889
peptide,8,K,B,0.153,0.113,0.087,0.800,0.560777777778
peptide,9,D,B,0.166,0.113,0.043,0.844,0.577444444444
peptide,10,T,B,0.26,0.113,0.043,0.844,0.591888888889
peptide,11,N,E,0.388,0.053,0.043,0.903,0.576222222222
peptide,12,D,B,0.269,0.052,0.084,0.864,0.515555555556
peptide,13,N,E,0.416,0.052,0.084,0.864,0.450111111111
peptide,14,N,E,0.527,0.018,0.088,0.893,0.388555555556
peptide,15,L,E,0.738,0.003,0.003,0.994,0.322333333333
peptide,1,G,E,0.783,0.003,0.003,0.994,0.239555555556
peptide,2,A,E,0.381,0.052,0.084,0.864,0.305333333333
peptide,3,M,E,0.4,0.056,0.142,0.802,0.366
peptide,4,E,E,0.32,0.056,0.142,0.802,0.431444444444
peptide,5,I,B,0.201,0.056,0.142,0.802,0.493
peptide,6,Q,B,0.201,0.056,0.142,0.802,0.520777777778
peptide,7,T,B,0.233,0.118,0.150,0.732,0.544888888889
peptide,8,K,B,0.153,0.113,0.087,0.800,0.560777777778
peptide,9,D,B,0.166,0.113,0.043,0.844,0.577444444444
peptide,10,T,B,0.26,0.113,0.043,0.844,0.591888888889
peptide,11,N,E,0.388,0.053,0.043,0.903,0.576222222222
peptide,12,D,B,0.269,0.052,0.084,0.864,0.515555555556
peptide,13,N,E,0.416,0.052,0.084,0.864,0.450111111111
peptide,14,N,E,0.527,0.018,0.088,0.893,0.388555555556
peptide,15,L,E,0.738,0.003,0.003,0.994,0.322333333333
peptide,1,G,E,0.783,0.003,0.003,0.994,0.239555555556
peptide,2,A,E,0.381,0.052,0.084,0.864,0.305333333333
peptide,3,M,E,0.4,0.056,0.142,0.802,0.366
peptide,4,E,E,0.32,0.056,0.142,0.802,0.431444444444
peptide,5,I,B,0.201,0.056,0.142,0.802,0.493
peptide,6,Q,B,0.201,0.056,0.142,0.802,0.520777777778
peptide,7,T,B,0.233,0.118,0.150,0.732,0.544888888889
peptide,8,K,B,0.153,0.113,0.087,0.800,0.560777777778
peptide,9,D,B,0.166,0.113,0.043,0.844,0.577444444444
peptide,10,T,B,0.26,0.113,0.043,0.844,0.591888888889
peptide,11,N,E,0.388,0.053,0.043,0.903,0.576222222222
peptide,12,D,B,0.269,0.052,0.084,0.864,0.515555555556
peptide,13,N,E,0.416,0.052,0.084,0.864,0.450111111111
peptide,14,N,E,0.527,0.018,0.088,0.893,0.388555555556
peptide,15,L,E,0.738,0.003,0.003,0.994,0.322333333333
peptide,1,V,E,0.835,0.003,0.003,0.994,0.228555555556
peptide,2,L,E,0.492,0.053,0.043,0.903,0.297333333333
peptide,3,A,E,0.516,0.113,0.087,0.800,0.372111111111
peptide,4,L,E,0.378,0.184,0.043,0.773,0.451111111111
peptide,5,G,E,0.445,0.268,0.043,0.689,0.528888888889
peptide,6,N,E,0.477,0.191,0.086,0.723,0.577777777778
peptide,7,Q,E,0.356,0.191,0.086,0.723,0.602222222222
peptide,8,E,E,0.333,0.191,0.086,0.723,0.615777777778
peptide,9,G,E,0.37,0.113,0.087,0.800,0.612555555556
peptide,10,A,E,0.391,0.113,0.043,0.844,0.606888888889
peptide,11,L,E,0.353,0.113,0.043,0.844,0.588111111111
peptide,12,H,E,0.588,0.053,0.043,0.903,0.513333333333
peptide,13,T,E,0.518,0.018,0.088,0.893,0.434333333333
peptide,14,A,E,0.553,0.018,0.047,0.935,0.356555555556
peptide,15,L,E,0.775,0.003,0.003,0.994,0.283666666667
peptide,1,L,E,0.792,0.003,0.003,0.994,0.263555555556
peptide,2,R,E,0.592,0.058,0.017,0.925,0.327111111111
peptide,3,K,E,0.52,0.113,0.043,0.844,0.391
peptide,4,L,E,0.397,0.113,0.043,0.844,0.446777777778
peptide,5,C,E,0.444,0.184,0.043,0.773,0.509666666667
peptide,6,I,E,0.346,0.181,0.016,0.803,0.542111111111
peptide,7,E,E,0.443,0.181,0.016,0.803,0.545666666667
peptide,8,A,E,0.481,0.181,0.016,0.803,0.525
peptide,9,K,E,0.467,0.184,0.043,0.773,0.468666666667
peptide,10,I,E,0.384,0.115,0.016,0.868,0.408111111111
peptide,11,S,E,0.697,0.058,0.017,0.925,0.344555555556
peptide,12,H,E,0.909,0.003,0.003,0.994,0.280666666667
peptide,1,F,E,0.732,0.003,0.003,0.994,0.266555555556
peptide,2,E,E,0.49,0.052,0.084,0.864,0.339555555556
peptide,3,V,E,0.365,0.113,0.087,0.800,0.417222222222
peptide,4,D,E,0.416,0.113,0.087,0.800,0.487
peptide,5,Q,E,0.358,0.113,0.087,0.800,0.552
peptide,6,E,E,0.345,0.056,0.142,0.802,0.563333333333
peptide,7,K,E,0.324,0.056,0.142,0.802,0.584888888889
peptide,8,I,E,0.336,0.056,0.142,0.802,0.577777777778
peptide,9,K,E,0.423,0.052,0.084,0.864,0.523111111111
peptide,10,Y,E,0.485,0.018,0.047,0.935,0.461444444444
peptide,11,S,E,0.584,0.018,0.019,0.964,0.388444444444
peptide,12,I,E,0.759,0.003,0.003,0.994,0.310777777778
peptide,1,F,E,0.732,0.003,0.003,0.994,0.266555555556
peptide,2,E,E,0.49,0.052,0.084,0.864,0.339555555556
peptide,3,V,E,0.365,0.113,0.087,0.800,0.417222222222
peptide,4,D,E,0.416,0.113,0.087,0.800,0.487
peptide,5,Q,E,0.358,0.113,0.087,0.800,0.552
peptide,6,E,E,0.345,0.056,0.142,0.802,0.563333333333
peptide,7,K,E,0.324,0.056,0.142,0.802,0.584888888889
peptide,8,I,E,0.336,0.056,0.142,0.802,0.577777777778
peptide,9,K,E,0.423,0.052,0.084,0.864,0.523111111111
peptide,10,Y,E,0.485,0.018,0.047,0.935,0.461444444444
peptide,11,S,E,0.584,0.018,0.019,0.964,0.388444444444
peptide,12,I,E,0.759,0.003,0.003,0.994,0.310777777778
peptide,1,F,E,0.732,0.003,0.003,0.994,0.266555555556
peptide,2,E,E,0.49,0.052,0.084,0.864,0.339555555556
peptide,3,V,E,0.365,0.113,0.087,0.800,0.417222222222
peptide,4,D,E,0.416,0.113,0.087,0.800,0.487
peptide,5,Q,E,0.358,0.113,0.087,0.800,0.552
peptide,6,E,E,0.345,0.056,0.142,0.802,0.563333333333
peptide,7,K,E,0.324,0.056,0.142,0.802,0.584888888889
peptide,8,I,E,0.336,0.056,0.142,0.802,0.577777777778
peptide,9,K,E,0.423,0.052,0.084,0.864,0.523111111111
peptide,10,Y,E,0.485,0.018,0.047,0.935,0.461444444444
peptide,11,S,E,0.584,0.018,0.019,0.964,0.388444444444
peptide,12,I,E,0.759,0.003,0.003,0.994,0.310777777778
peptide,1,N,E,0.83,0.003,0.003,0.994,0.265
peptide,2,N,E,0.576,0.018,0.088,0.893,0.326333333333
peptide,3,L,E,0.33,0.056,0.142,0.802,0.396888888889
peptide,4,Y,E,0.373,0.056,0.142,0.802,0.459444444444
peptide,5,K,E,0.312,0.056,0.142,0.802,0.521333333333
peptide,6,I,B,0.285,0.056,0.142,0.802,0.538111111111
peptide,7,F,B,0.273,0.056,0.142,0.802,0.546
peptide,8,A,E,0.399,0.056,0.142,0.802,0.552
peptide,9,G,E,0.411,0.056,0.142,0.802,0.489666666667
peptide,10,H,E,0.499,0.052,0.084,0.864,0.422
peptide,11,L,E,0.346,0.018,0.047,0.935,0.360666666667
peptide,12,K,E,0.815,0.003,0.003,0.994,0.290111111111
peptide,1,M,E,0.745,0.003,0.003,0.994,0.269777777778
peptide,2,E,E,0.444,0.018,0.047,0.935,0.340111111111
peptide,3,I,B,0.268,0.019,0.141,0.840,0.403666666667
peptide,4,Q,E,0.308,0.056,0.142,0.802,0.466555555556
peptide,5,T,E,0.295,0.113,0.043,0.844,0.531888888889
peptide,6,K,B,0.196,0.113,0.043,0.844,0.543444444444
peptide,7,D,B,0.177,0.113,0.043,0.844,0.554888888889
peptide,8,T,B,0.227,0.113,0.087,0.800,0.567444444444
peptide,9,N,B,0.288,0.113,0.043,0.844,0.564888888889
peptide,10,D,B,0.155,0.052,0.084,0.864,0.576555555556
peptide,11,N,E,0.287,0.056,0.142,0.802,0.560888888889
peptide,12,N,E,0.374,0.064,0.216,0.721,0.497333333333
peptide,13,L,B,0.275,0.056,0.142,0.802,0.434444444444
peptide,14,Y,E,0.406,0.053,0.043,0.903,0.369111111111
peptide,15,K,E,0.715,0.003,0.003,0.994,0.313333333333
peptide,1,T,E,0.829,0.003,0.003,0.994,0.242777777778
peptide,2,R,E,0.447,0.018,0.019,0.964,0.322111111111
peptide,3,T,E,0.51,0.053,0.043,0.903,0.402555555556
peptide,4,E,E,0.448,0.053,0.043,0.903,0.468666666667
peptide,5,T,E,0.435,0.113,0.043,0.844,0.530666666667
peptide,6,W,E,0.339,0.113,0.043,0.844,0.584111111111
peptide,7,M,E,0.345,0.184,0.043,0.773,0.609555555556
peptide,8,S,E,0.408,0.181,0.016,0.803,0.629555555556
peptide,9,S,E,0.453,0.181,0.016,0.803,0.631777777778
peptide,10,R,B,0.294,0.181,0.016,0.803,0.634111111111
peptide,11,G,E,0.37,0.184,0.043,0.773,0.614222222222
peptide,12,A,E,0.358,0.191,0.086,0.723,0.533777777778
peptide,13,W,E,0.381,0.184,0.043,0.773,0.467666666667
peptide,14,K,E,0.419,0.181,0.016,0.803,0.405666666667
peptide,15,Q,E,0.832,0.003,0.003,0.994,0.328888888889
peptide,1,L,E,0.788,0.003,0.003,0.994,0.242111111111
peptide,2,A,E,0.517,0.018,0.047,0.935,0.306666666667
peptide,3,W,E,0.417,0.052,0.084,0.864,0.374777777778
peptide,4,M,E,0.414,0.052,0.084,0.864,0.435111111111
peptide,5,L,E,0.327,0.053,0.043,0.903,0.499555555556
peptide,6,G,E,0.377,0.058,0.017,0.925,0.528444444444
peptide,7,S,E,0.473,0.058,0.017,0.925,0.559222222222
peptide,8,S,E,0.488,0.058,0.017,0.925,0.568111111111
peptide,9,T,E,0.456,0.053,0.043,0.903,0.517888888889
peptide,10,T,E,0.537,0.058,0.017,0.925,0.459555555556
peptide,11,Q,E,0.58,0.058,0.017,0.925,0.395
peptide,12,R,E,0.834,0.003,0.003,0.994,0.326888888889
peptide,1,M,E,0.736,0.003,0.003,0.994,0.256111111111
peptide,2,A,E,0.42,0.053,0.043,0.903,0.325444444444
peptide,3,K,E,0.375,0.113,0.043,0.844,0.396555555556
peptide,4,D,E,0.397,0.113,0.043,0.844,0.461111111111
peptide,5,K,E,0.32,0.115,0.016,0.868,0.527222222222
peptide,6,P,B,0.209,0.058,0.017,0.925,0.544555555556
peptide,7,S,E,0.445,0.058,0.017,0.925,0.568111111111
peptide,8,L,B,0.314,0.053,0.043,0.903,0.567444444444
peptide,9,D,E,0.368,0.052,0.084,0.864,0.510333333333
peptide,10,I,B,0.325,0.052,0.084,0.864,0.447555555556
peptide,11,E,E,0.504,0.018,0.047,0.935,0.378222222222
peptide,12,L,E,0.674,0.003,0.003,0.994,0.307111111111
peptide,1,M,E,0.736,0.003,0.003,0.994,0.256111111111
peptide,2,A,E,0.42,0.053,0.043,0.903,0.325444444444
peptide,3,K,E,0.375,0.113,0.043,0.844,0.396555555556
peptide,4,D,E,0.397,0.113,0.043,0.844,0.461111111111
peptide,5,K,E,0.32,0.115,0.016,0.868,0.527222222222
peptide,6,P,B,0.209,0.058,0.017,0.925,0.544555555556
peptide,7,S,E,0.445,0.058,0.017,0.925,0.568111111111
peptide,8,L,B,0.314,0.053,0.043,0.903,0.567444444444
peptide,9,D,E,0.368,0.052,0.084,0.864,0.510333333333
peptide,10,I,B,0.325,0.052,0.084,0.864,0.447555555556
peptide,11,E,E,0.504,0.018,0.047,0.935,0.378222222222
peptide,12,L,E,0.674,0.003,0.003,0.994,0.307111111111
peptide,1,T,E,0.803,0.003,0.003,0.994,0.236222222222
peptide,2,M,E,0.474,0.113,0.043,0.844,0.303111111111
peptide,3,A,E,0.388,0.113,0.043,0.844,0.368444444444
peptide,4,K,E,0.34,0.184,0.043,0.773,0.435555555556
peptide,5,D,E,0.354,0.113,0.043,0.844,0.499888888889
peptide,6,K,B,0.276,0.113,0.043,0.844,0.534
peptide,7,P,B,0.148,0.113,0.043,0.844,0.550888888889
peptide,8,S,E,0.38,0.113,0.043,0.844,0.576333333333
peptide,9,L,B,0.238,0.113,0.043,0.844,0.574333333333
peptide,10,D,B,0.266,0.113,0.043,0.844,0.582111111111
peptide,11,I,B,0.24,0.113,0.087,0.800,0.567444444444
peptide,12,E,E,0.335,0.052,0.084,0.864,0.502111111111
peptide,13,L,B,0.296,0.052,0.084,0.864,0.435
peptide,14,E,E,0.486,0.053,0.043,0.903,0.370666666667
peptide,15,K,E,0.728,0.003,0.003,0.994,0.298888888889
peptide,1,F,E,0.794,0.003,0.003,0.994,0.263888888889
peptide,2,D,E,0.533,0.053,0.043,0.903,0.327777777778
peptide,3,A,E,0.443,0.052,0.084,0.864,0.396888888889
peptide,4,L,E,0.377,0.113,0.043,0.844,0.465888888889
peptide,5,A,E,0.428,0.184,0.043,0.773,0.534111111111
peptide,6,G,E,0.37,0.115,0.016,0.868,0.552777777778
peptide,7,S,E,0.454,0.053,0.043,0.903,0.573666666667
peptide,8,Q,E,0.408,0.052,0.084,0.864,0.578444444444
peptide,9,E,E,0.418,0.052,0.084,0.864,0.525
peptide,10,I,E,0.401,0.052,0.084,0.864,0.461777777778
peptide,11,E,E,0.579,0.018,0.047,0.935,0.397888888889
peptide,12,F,E,0.772,0.003,0.003,0.994,0.328777777778
peptide,1,E,E,0.807,0.003,0.003,0.994,0.256777777778
peptide,2,R,E,0.427,0.053,0.043,0.903,0.328111111111
peptide,3,W,E,0.374,0.064,0.216,0.721,0.391444444444
peptide,4,V,B,0.281,0.066,0.296,0.638,0.452222222222
peptide,5,L,B,0.237,0.064,0.216,0.721,0.512222222222
peptide,6,R,B,0.235,0.056,0.142,0.802,0.536444444444
peptide,7,N,E,0.442,0.064,0.216,0.721,0.542222222222
peptide,8,P,B,0.2,0.064,0.216,0.721,0.535333333333
peptide,9,G,E,0.318,0.056,0.142,0.802,0.481222222222
peptide,10,Y,E,0.414,0.052,0.084,0.864,0.424444444444
peptide,11,A,E,0.429,0.053,0.043,0.903,0.353111111111
peptide,12,L,E,0.705,0.003,0.003,0.994,0.289777777778
peptide,1,E,E,0.807,0.003,0.003,0.994,0.256777777778
peptide,2,R,E,0.427,0.053,0.043,0.903,0.328111111111
peptide,3,W,E,0.374,0.064,0.216,0.721,0.391444444444
peptide,4,V,B,0.281,0.066,0.296,0.638,0.452222222222
peptide,5,L,B,0.237,0.064,0.216,0.721,0.512222222222
peptide,6,R,B,0.235,0.056,0.142,0.802,0.536444444444
peptide,7,N,E,0.442,0.064,0.216,0.721,0.542222222222
peptide,8,P,B,0.2,0.064,0.216,0.721,0.535333333333
peptide,9,G,E,0.318,0.056,0.142,0.802,0.481222222222
peptide,10,Y,E,0.414,0.052,0.084,0.864,0.424444444444
peptide,11,A,E,0.429,0.053,0.043,0.903,0.353111111111
peptide,12,L,E,0.705,0.003,0.003,0.994,0.289777777778
