,source_sequence_name,offset,peptide,allele,score,affinity,percentile_rank,prediction_method_name,length,protein,vaxigen_score
17056,pfam00972,328,KVLRPAPGGK,HLA-A*03:01,0.6836382329463959,30.660162613117492,0.0335,mhcflurry,10,Flavi_NS5,0.558
14835,pfam01003,2,AIAPTPGLKK,HLA-A*03:01,0.6766490638256073,33.068641197150406,0.047,mhcflurry,10,Flavi_capsid,0.5147
15052,pfam00972,316,AVMKMTYQNK,HLA-A*03:01,0.6751554131507873,33.60740422726652,0.04975,mhcflurry,10,Flavi_NS5,0.9776
18337,pfam00869,289,RLKLDALTLK,HLA-A*03:01,0.6671589136123657,36.644624950555,0.06925,mhcflurry,10,Flavi_glycoprot,0.7841
16707,pfam05578,191,IMSGIQTVSK,HLA-A*03:01,0.6536560893058776,42.40915776185789,0.10725,mhcflurry,10,Peptidase_S31,0.5307
32343,pfam00972,226,MWLGARFLEF,HLA-A*24:01,0.6522238075733184,43.07149005771016,0.06675,mhcflurry,10,Flavi_NS5,1.0316
23265,pfam05578,93,RLTDETEYGV,HLA-A*02:01,0.6471552550792694,45.49952602463266,0.3233749999999997,mhcflurry,10,Peptidase_S31,0.825
18630,cd12477,64,SMQGFPFYDK,HLA-A*03:01,0.6446224749088287,46.7636423785574,0.140375,mhcflurry,10,RRM1_U1A,1.1713
14626,cd17038,27,YALAAVALAW,HLA-B*58:01,0.6445299565792084,46.81047752298009,0.07825,mhcflurry,10,Flavi_M,1.3028
18615,cd23204,110,SLRETACLSK,HLA-A*03:01,0.6430503726005554,47.5658861682933,0.143375,mhcflurry,10,Flavivirus_RdRp,0.58
40815,cd12480,45,GRHDIAFVEF,HLA-B*27:01,0.6423731982707976,47.915675389540375,0.0069999999999999,mhcflurry,10,RRM2_U1A,1.4862
13498,pfam00972,153,RSNAAIGAYF,HLA-B*58:01,0.6366048693656923,51.001484650642254,0.095875,mhcflurry,10,Flavi_NS5,0.7616
16452,pfam01004,49,HLIGSSITQK,HLA-A*03:01,0.6355454802513123,51.589445058407286,0.172875,mhcflurry,10,Flavi_M,0.671
32997,pfam00972,231,RFLEFEALGF,HLA-A*24:01,0.6293854355812072,55.14507368626068,0.1315,mhcflurry,10,Flavi_NS5,1.5164
18708,pfam05578,64,SSVDHVTAGK,HLA-A*03:01,0.6279707908630371,55.995624748199475,0.19975,mhcflurry,10,Peptidase_S31,0.8225
26571,pfam00972,291,ITEADLDNEAEITNY,HLA-A*01:01,0.6225956916809081,59.3487428935509,0.06175,mhcflurry,15,Flavi_NS5,0.8887
14424,pfam05578,144,VTASGTPAFF,HLA-B*58:01,0.6171133399009705,62.97568945981666,0.1375,mhcflurry,10,Peptidase_S31,0.5794
42940,pfam05578,48,RRGLETAWAY,HLA-B*27:01,0.6165270149707793,63.37647121483427,0.123625,mhcflurry,10,Peptidase_S31,0.7275
32548,pfam00972,304,NYMEPHHKKL,HLA-A*24:01,0.6067972481250762,70.41220369678466,0.1965,mhcflurry,10,Flavi_NS5,0.6125
14253,pfam00869,195,VIAEMEKESW,HLA-B*58:01,0.6057238936424255,71.23469959981243,0.1678749999999999,mhcflurry,10,Flavi_glycoprot,0.7506
31502,pfam00972,223,IWYMWLGARF,HLA-A*24:01,0.605408000946045,71.47858844654013,0.204875,mhcflurry,10,Flavi_NS5,0.5658
9929,cd23204,141,AICSAVPVDW,HLA-B*58:01,0.6039967656135559,72.57838831989677,0.1723749999999999,mhcflurry,10,Flavivirus_RdRp,0.9355
29827,pfam20483,32,AYKSAVPPNW,HLA-A*24:01,0.6038789272308349,72.67098370531728,0.207,mhcflurry,10,Flavi_NS5_thumb,1.1545
39554,cd23204,101,ARVSPGAGWSLR,HLA-B*27:01,0.6032681286334991,73.15283528154475,0.218,mhcflurry,12,Flavivirus_RdRp,1.0671
11140,pfam00972,159,GAYFEEEEQW,HLA-B*58:01,0.6006053030490874,75.29111016797428,0.1798749999999999,mhcflurry,10,Flavi_NS5,0.5477
12302,pfam01004,8,LGLETRTETW,HLA-B*58:01,0.5984010100364685,77.10838508704038,0.187875,mhcflurry,10,Flavi_M,1.2447
16225,cd23204,215,GLRSRATWAK,HLA-A*03:01,0.5929002821445465,81.83693639319802,0.3287499999999999,mhcflurry,10,Flavivirus_RdRp,0.6579
16757,pfam00972,302,ITNYMEPHHK,HLA-A*03:01,0.5928764820098877,81.858013114745,0.3287499999999999,mhcflurry,10,Flavi_NS5,0.6448
13293,cd23204,100,RARVSPGAGW,HLA-B*58:01,0.5918498873710631,82.77232160730736,0.2014999999999999,mhcflurry,10,Flavivirus_RdRp,0.7114
3647,pfam00972,331,RPAPGGKTVM,HLA-B*07:01,0.5902098059654235,84.25425248681222,0.02675,mhcflurry,10,Flavi_NS5,1.1021
43850,pfam00972,152,VRSNAAIGAY,HLA-B*27:01,0.5891025424003602,85.26971827708468,0.332625,mhcflurry,10,Flavi_NS5,0.7995
18750,pfam01003,1,TAIAPTPGLK,HLA-A*03:01,0.5853932797908783,88.76148140121414,0.3609999999999999,mhcflurry,10,Flavi_capsid,0.9338
32355,cd23204,128,MYFHRRDLRL,HLA-A*24:01,0.5851000487804412,89.04354167570008,0.2691249999999999,mhcflurry,10,Flavivirus_RdRp,1.5932
13403,pfam00972,32,RIKNEHMTTW,HLA-B*58:01,0.5843119382858275,89.80607858052836,0.2256249999999999,mhcflurry,10,Flavi_NS5,0.6006
19834,pfam01004,1,ALPPHVGLGL,HLA-A*02:01,0.579613471031189,94.48953023476138,0.5832499999999996,mhcflurry,10,Flavi_M,1.659
16893,pfam00869,280,KIFAGHLKCRLK,HLA-A*03:01,0.5782307386398315,95.9138022697038,0.3875,mhcflurry,12,Flavi_glycoprot,0.6966
18858,cd12477,4,TIYINNLNEK,HLA-A*03:01,0.5771050453186035,97.08915181249291,0.390125,mhcflurry,10,RRM1_U1A,0.6241
